text,label
The football team won the final match of the tournament,0
The cricket players trained hard for the upcoming series,0
The coach praised the team performance after the victory,0
The basketball match ended with a thrilling last minute score,0
The striker scored two goals in the league match,0
The tennis champion won the grand slam title,0
The football league season starts next week,0
The team celebrated their championship victory,0
The player signed a new contract with the club,0
The match was postponed due to heavy rain,0
The captain led the team to a historic win,0
The referee made a controversial decision,0
The stadium was full of cheering fans,0
The coach announced the final squad,0
The team suffered a narrow defeat,0
The athlete broke the national record,0
The football federation announced new rules,0
The match ended in a draw,0
The team practiced defensive strategies,0
The tournament attracted international teams,0
The striker missed a crucial penalty,0
The club appointed a new manager,0
The players celebrated after scoring a goal,0
The team qualified for the semi final,0
The championship final will be held tomorrow,0
The athlete won a gold medal,0
The team focused on fitness training,0
The coach discussed tactics before the match,0
The crowd applauded the winning team,0
The league standings were updated,0
The sports committee announced a new schedule,0
The football match attracted a huge audience,0
The team prepared for the knockout stage,0
The athlete trained daily for the competition,0
The coach emphasized teamwork and discipline,0
The match officials reviewed the rules,0
The players attended a recovery session,0
The sports club invested in new facilities,0
The championship trophy was unveiled,0
The team secured a place in the finals,0
The fans celebrated the victory parade,0
The athlete qualified for the Olympics,0
The league match ended with a dramatic goal,0
The football academy recruited young players,0
The coach analyzed the previous match,0
The team defended their title successfully,0
The stadium hosted an international match,0
The referee awarded a penalty kick,0
The sports season concluded successfully,0
The government passed a new economic policy,1
The parliament discussed the national budget,1
The prime minister addressed the nation,1
The election campaign gained momentum,1
The opposition criticized the government decision,1
The president signed the new bill into law,1
The political party announced its manifesto,1
The senate approved the reform proposal,1
The minister attended the international summit,1
The government introduced new tax regulations,1
The election results were announced,1
The parliament session lasted several hours,1
The ruling party won the majority seats,1
The foreign policy was debated,1
The prime minister met foreign diplomats,1
The government faced protests over the policy,1
The election commission announced new guidelines,1
The president addressed parliament,1
The political leaders held a press conference,1
The government announced new development plans,1
The opposition party staged a protest,1
The bill was rejected by lawmakers,1
The cabinet approved the proposal,1
The minister resigned from office,1
The political debate continued in parliament,1
The government promised economic reforms,1
The president met the prime minister,1
The election campaign officially ended,1
The parliament passed the education bill,1
The political rally attracted thousands,1
The government discussed healthcare reform,1
The senate debated environmental policy,1
The ruling party formed a new coalition,1
The opposition demanded fresh elections,1
The minister announced new regulations,1
The president met international leaders,1
The parliament approved the finance bill,1
The political conference focused on development,1
The government increased public spending,1
The election commission monitored voting,1
The lawmakers discussed constitutional amendments,1
The political debate dominated the media,1
The government launched a social program,1
The parliament questioned the prime minister,1
The ruling party proposed new legislation,1
The opposition leader addressed supporters,1
The cabinet discussed national security,1
The political summit concluded successfully,1
The government announced policy reforms,1
